2025-04-24,1405,GENIE
2025-04-23,1404,OZONE
2025-04-22,1403,ARTSY
2025-04-21,1402,SPATE
2025-04-20,1401,PATCH
2025-04-19,1400,INBOX
2025-04-18,1399,DIRGE
2025-04-17,1398,STOOD
2025-04-16,1397,MORAL
2025-04-15,1396,ASHEN
2025-04-14,1395,CREST
2025-04-13,1394,LAUGH
2025-04-12,1393,NURSE
2025-04-11,1392,ARROW
2025-04-10,1391,TURBO
2025-04-09,1390,WHEAT
2025-04-08,1389,SPARE
2025-04-07,1388,HAZEL
2025-04-06,1387,VILLA
2025-04-05,1386,FOAMY
2025-04-04,1385,KRILL
2025-04-03,1384,SHEAR
2025-04-02,1383,CURSE
2025-04-01,1382,JEWEL
2025-03-31,1381,BOOTY
2025-03-30,1380,QUOTA
2025-03-29,1379,SORRY
2025-03-28,1378,VERSE
2025-03-27,1377,SHEET
2025-03-26,1376,ELBOW
2025-03-25,1375,SHELF
2025-03-24,1374,ANGLE
2025-03-23,1373,DOPEY
2025-03-22,1372,AMBLE
2025-03-21,1371,NUDGE
2025-03-20,1370,BASTE
2025-03-19,1369,SPARK
2025-03-18,1368,TIMER
2025-03-17,1367,LASSO
2025-03-16,1366,STAMP
2025-03-15,1365,LADLE
2025-03-14,1364,PIECE
2025-03-13,1363,CHASE
2025-03-12,1362,MANGO
2025-03-11,1361,TRACK
2025-03-10,1360,SPITE
2025-03-09,1359,GREED
2025-03-08,1358,NAVEL
2025-03-07,1357,TROOP
2025-03-06,1356,ALERT
2025-03-05,1355,SCRUM
2025-03-04,1354,CHECK
2025-03-03,1353,SPEAR
2025-03-02,1352,DEITY
2025-03-01,1351,HOVER
2025-02-28,1350,FUZZY
2025-02-27,1349,LODGE
2025-02-26,1348,AWARD
2025-02-25,1347,DRYER
2025-02-24,1346,GLAND
2025-02-23,1345,OTTER
2025-02-22,1344,CREAM
2025-02-21,1343,CLOVE
2025-02-20,1342,ROACH
2025-02-19,1341,MADLY
2025-02-18,1340,INDIE
2025-02-17,1339,TRAIL
2025-02-16,1338,SUAVE
2025-02-15,1337,CROOK
2025-02-14,1336,DITTY
2025-02-13,1335,RUMBA
2025-02-12,1334,RAPID
2025-02-11,1333,SCORE
2025-02-10,1332,GOODY
2025-02-09,1331,BONUS
2025-02-08,1330,STEEP
2025-02-07,1329,SWATH
2025-02-06,1328,PUPIL
2025-02-05,1327,PEDAL
2025-02-04,1326,TOOTH
2025-02-03,1325,REVUE
2025-02-02,1324,CHORE
2025-02-01,1323,RIVET
2025-01-31,1322,TOAST
2025-01-30,1321,FALSE
2025-01-29,1320,UDDER
2025-01-28,1319,FEVER
2025-01-27,1318,SHUNT
2025-01-26,1317,SUNNY
2025-01-25,1316,CRISP
2025-01-24,1315,CREPE
2025-01-23,1314,UPPER
2025-01-22,1313,REACH
2025-01-21,1312,ICING
2025-01-20,1311,SQUID
2025-01-19,1310,ROWER
2025-01-18,1309,SILLY
2025-01-17,1308,PROSE
2025-01-16,1307,FLINT
2025-01-15,1306,KNACK
2025-01-14,1305,FANCY
2025-01-13,1304,CLOAK
2025-01-12,1303,TOTAL
2025-01-11,1302,DINGY
2025-01-10,1301,CRAWL
2025-01-09,1300,WAFER
2025-01-08,1299,DRAFT
2025-01-07,1298,ATLAS
2025-01-06,1297,SPRIG
2025-01-05,1296,CYBER
2025-01-04,1295,RELAX
2025-01-03,1294,CHEAP
2025-01-02,1293,CHOSE
2025-01-01,1292,NERVE
2024-12-31,1291,LEMUR
2024-12-30,1290,STARE
2024-12-29,1289,MAMBO
2024-12-28,1288,DECRY
2024-12-27,1287,GRAIN
2024-12-26,1286,AFFIX
2024-12-25,1285,SHARE
2024-12-24,1284,EAGLE
2024-12-23,1283,SAUNA
2024-12-22,1282,BRAWN
2024-12-21,1281,BLADE
2024-12-20,1280,FLASH
2024-12-19,1279,STRAY
2024-12-18,1278,HEFTY
2024-12-17,1277,SCOWL
2024-12-16,1276,BOAST
2024-12-15,1275,FUNKY
2024-12-14,1274,DROOL
2024-12-13,1273,BOXER
2024-12-12,1272,VYING
2024-12-11,1271,PLUMB
2024-12-10,1270,PATIO
2024-12-09,1269,FLUNG
2024-12-08,1268,HYENA
2024-12-07,1267,HILLY
2024-12-06,1266,SHOVE
2024-12-05,1265,ENDOW
2024-12-04,1264,CRYPT
2024-12-03,1263,SHAKY
2024-12-02,1262,GUILE
2024-12-01,1261,MAUVE
2024-11-30,1260,DOGMA
2024-11-29,1259,HIPPO
2024-11-28,1258,CHOCK
2024-11-27,1257,SLANG
2024-11-26,1256,WITCH
2024-11-25,1255,BROWN
2024-11-24,1254,TWIST
2024-11-23,1253,JELLY
2024-11-22,1252,PEARL
2024-11-21,1251,SPINE
2024-11-20,1250,NICHE
2024-11-19,1249,GOING
2024-11-18,1248,FRAIL
2024-11-17,1247,TALLY
2024-11-16,1246,VISOR
2024-11-15,1245,TACKY
2024-11-14,1244,UVULA
2024-11-13,1243,PRIMP
2024-11-12,1242,FLOWN
2024-11-11,1241,STOIC
2024-11-10,1240,INNER
2024-11-09,1239,SWELL
2024-11-08,1238,READY
2024-11-07,1237,EVENT
2024-11-06,1236,TRULY
2024-11-05,1235,OCTET
2024-11-04,1234,VINYL
2024-11-03,1233,BLAZE
2024-11-02,1232,SNOOP
2024-11-01,1231,SIXTH
2024-10-31,1230,WEIRD
2024-10-30,1229,EASEL
2024-10-29,1228,TUNIC
2024-10-28,1227,BAWDY
2024-10-27,1226,SANDY
2024-10-26,1225,WREAK
2024-10-25,1224,FROWN
2024-10-24,1223,BOSSY
2024-10-23,1222,GOOFY
2024-10-22,1221,SHOUT
2024-10-21,1220,SPOON
2024-10-20,1219,DICEY
2024-10-19,1218,FIBER
2024-10-18,1217,STINT
2024-10-17,1216,HALVE
2024-10-16,1215,GRANT
2024-10-15,1214,CORER
2024-10-14,1213,GAMUT
2024-10-13,1212,PRONE
2024-10-12,1211,STAIN
2024-10-11,1210,GUSTY
2024-10-10,1209,CARVE
2024-10-09,1208,MOMMY
2024-10-08,1207,JOINT
2024-10-07,1206,FLOUR
2024-10-06,1205,LAGER
2024-10-05,1204,MINER
2024-10-04,1203,TITLE
2024-10-03,1202,WAGON
2024-10-02,1201,SHELL
2024-10-01,1200,MODEM
2024-09-30,1199,CLOUD
2024-09-29,1198,RIDER
2024-09-28,1197,BRAIN
2024-09-27,1196,FAITH
2024-09-26,1195,THANK
2024-09-25,1194,TORCH
2024-09-24,1193,HANDY
2024-09-23,1192,STEAM
2024-09-22,1191,TEACH
2024-09-21,1190,SEVEN
2024-09-20,1189,SMOKE
2024-09-19,1188,PRESS
2024-09-18,1187,FULLY
2024-09-17,1186,BEAUT
2024-09-16,1185,HONEY
2024-09-15,1184,RECUR
2024-09-14,1183,BROAD
2024-09-13,1182,HARSH
2024-09-12,1181,BRASS
2024-09-11,1180,AISLE
2024-09-10,1179,REBEL
2024-09-09,1178,DEBIT
2024-09-08,1177,DRAWN
2024-09-07,1176,OWNER
2024-09-06,1175,RERUN
2024-09-05,1174,WIDEN
2024-09-04,1173,STERN
2024-09-03,1172,FAINT
2024-09-02,1171,CAMEL
2024-09-01,1170,MUSHY
2024-08-31,1169,SPOUT
2024-08-30,1168,KNAVE
2024-08-29,1167,FLUNK
2024-08-28,1166,LITHE
2024-08-27,1165,CROWN
2024-08-26,1164,STAKE
2024-08-25,1163,SKATE
2024-08-24,1162,FILET
2024-08-23,1161,LEECH
2024-08-22,1160,BRUTE
2024-08-21,1159,MULCH
2024-08-20,1158,DELAY
2024-08-19,1157,METER
2024-08-18,1156,LANKY
2024-08-17,1155,STORM
2024-08-16,1154,BRACE
2024-08-15,1153,ACORN
2024-08-14,1152,SHORE
2024-08-13,1151,NEIGH
2024-08-12,1150,SKIFF
2024-08-11,1149,SCONE
2024-08-10,1148,MEDIC
2024-08-09,1147,OUNCE
2024-08-08,1146,SAUCY
2024-08-07,1145,MACAW
2024-08-06,1144,ANVIL
2024-08-05,1143,ENSUE
2024-08-04,1142,LOWER
2024-08-03,1141,SCALE
2024-08-02,1140,FLAKE
2024-08-01,1139,CHALK
2024-07-31,1138,PENNE
2024-07-30,1137,FERAL
2024-07-29,1136,SUPER
2024-07-28,1135,SMOCK
2024-07-27,1134,JUICE
2024-07-26,1133,AWASH
2024-07-25,1132,PORCH
2024-07-24,1131,FORTE
2024-07-23,1130,PRONG
2024-07-22,1129,CADET
2024-07-21,1128,SPECK
2024-07-20,1127,SHAFT
2024-07-19,1126,REFER
2024-07-18,1125,NERDY
2024-07-17,1124,QUITE
2024-07-16,1123,DECOY
2024-07-15,1122,SWOON
2024-07-14,1121,VIDEO
2024-07-13,1120,ENACT
2024-07-12,1119,JIFFY
2024-07-11,1118,CAMEO
2024-07-10,1117,GAUNT
2024-07-09,1116,BLARE
2024-07-08,1115,SHAPE
2024-07-07,1114,CANON
2024-07-06,1113,SCOFF
2024-07-05,1112,CRUSH
2024-07-04,1111,DEBUT
2024-07-03,1110,THIGH
2024-07-02,1109,INLAY
2024-07-01,1108,ADAGE
2024-06-30,1107,BUDDY
2024-06-29,1106,ZEBRA
2024-06-28,1105,DROVE
2024-06-27,1104,ORDER
2024-06-26,1103,KNEAD
2024-06-25,1102,SAVOR
2024-06-24,1101,DOLLY
2024-06-23,1100,BUGLE
2024-06-22,1099,EDICT
2024-06-21,1098,PAINT
2024-06-20,1097,SCENT
2024-06-19,1096,TERSE
2024-06-18,1095,COVER
2024-06-17,1094,PRIOR
2024-06-16,1093,GRIND
2024-06-15,1092,PROUD
2024-06-14,1091,VAULT
2024-06-13,1090,ANGST
2024-06-12,1089,DETER
2024-06-11,1088,SWUNG
2024-06-10,1087,MANGA
2024-06-09,1086,CROWD
2024-06-08,1085,HENCE
2024-06-07,1084,MELON
2024-06-06,1083,ETHER
2024-06-05,1082,ORGAN
2024-06-04,1081,GROOM
2024-06-03,1080,STARK
2024-06-02,1079,BRAVO
2024-06-01,1078,BASIN
2024-05-31,1077,CHAOS
2024-05-30,1076,GUMMY
2024-05-29,1075,PAPAL
2024-05-28,1074,MINUS
2024-05-27,1073,SKIER
2024-05-26,1072,BEVEL
2024-05-25,1071,TITAN
2024-05-24,1070,GLIDE
2024-05-23,1069,SWISH
2024-05-22,1068,EXALT
2024-05-21,1067,DINGO
2024-05-20,1066,NICER
2024-05-19,1065,HITCH
2024-05-18,1064,BRINY
2024-05-17,1063,TUTOR
2024-05-16,1062,STALL
2024-05-15,1061,PINCH
2024-05-14,1060,AMASS
2024-05-13,1059,CUMIN
2024-05-12,1058,OUTER
2024-05-11,1057,TIDAL
2024-05-10,1056,MEDIA
2024-05-09,1055,JERKY
2024-05-08,1054,PIOUS
2024-05-07,1053,MUSTY
2024-05-06,1052,SHAVE
2024-05-05,1051,DECAL
2024-05-04,1050,VALUE
2024-05-03,1049,EBONY
2024-05-02,1048,SLICE
2024-05-01,1047,DIARY
2024-04-30,1046,PROWL
2024-04-29,1045,CRAFT
2024-04-28,1044,PRUNE
2024-04-27,1043,GLEAM
2024-04-26,1042,VAPID
2024-04-25,1041,INTRO
2024-04-24,1040,OVERT
2024-04-23,1039,ROVER
2024-04-22,1038,LASER
2024-04-21,1037,JOLLY
2024-04-20,1036,LUCID
2024-04-19,1035,RAISE
2024-04-18,1034,FACET
2024-04-17,1033,TITHE
2024-04-16,1032,SHANK
2024-04-15,1031,EQUIP
2024-04-14,1030,BLIMP
2024-04-13,1029,STEEL
2024-04-12,1028,WHINY
2024-04-11,1027,LOUSE
2024-04-10,1026,BROTH
2024-04-09,1025,MERGE
2024-04-08,1024,BREED
2024-04-07,1023,VOILA
2024-04-06,1022,FINCH
2024-04-05,1021,WRIST
2024-04-04,1020,CLIMB
2024-04-03,1019,PLAIT
2024-04-02,1018,SERUM
2024-04-01,1017,FROND
2024-03-31,1016,TABOO
2024-03-30,1015,FORCE
2024-03-29,1014,REALM
2024-03-28,1013,SPEAK
2024-03-27,1012,STUNG
2024-03-26,1011,MAYOR
2024-03-25,1010,SALLY
2024-03-24,1009,TOWEL
2024-03-23,1008,RISEN
2024-03-22,1007,DECAY
2024-03-21,1006,SHADE
2024-03-20,1005,LINGO
2024-03-19,1004,ABIDE
2024-03-18,1003,SPELT
2024-03-17,1002,SNORT
2024-03-16,1001,TOXIN
2024-03-15,1000,ERUPT
2024-03-14,999,SINCE
2024-03-13,998,LOCAL
2024-03-12,997,HEAVE
2024-03-11,996,PESKY
2024-03-10,995,GRASP
2024-03-09,994,CHEER
2024-03-08,993,EARLY
2024-03-07,992,CLONE
2024-03-06,991,TEARY
2024-03-05,990,HUNCH
2024-03-04,989,FLAME
2024-03-03,988,STATE
2024-03-02,987,URBAN
2024-03-01,986,FORTY
2024-02-29,985,IMAGE
2024-02-28,984,DEVIL
2024-02-27,983,SENSE
2024-02-26,982,OFTEN
2024-02-25,981,SMITH
2024-02-24,980,PIPER
2024-02-23,979,APART
2024-02-22,978,HEAVY
2024-02-21,977,BUILD
2024-02-20,976,MATCH
2024-02-19,975,PRICE
2024-02-18,974,RIDGE
2024-02-17,973,PSALM
2024-02-16,972,STASH
2024-02-15,971,ASCOT
2024-02-14,970,TALON
2024-02-13,969,SCRAM
2024-02-12,968,PASTA
2024-02-11,967,NEVER
2024-02-10,966,FRIED
2024-02-09,965,STIFF
2024-02-08,964,PLACE
2024-02-07,963,AFTER
2024-02-06,962,WHICH
2024-02-05,961,REPEL
2024-02-04,960,VERGE
2024-02-03,959,MICRO
2024-02-02,958,CLEFT
2024-02-01,957,ALIVE
2024-01-31,956,BULKY
2024-01-30,955,EXPEL
2024-01-29,954,LEGGY
2024-01-28,953,EMBER
2024-01-27,952,SNAKE
2024-01-26,951,ALOOF
2024-01-25,950,BLOCK
2024-01-24,949,RELIC
2024-01-23,948,STILL
2024-01-22,947,TWEAK
2024-01-21,946,NORTH
2024-01-20,945,LARGE
2024-01-19,944,THING
2024-01-18,943,STOLE
2024-01-17,942,COURT
2024-01-16,941,BLOND
2024-01-15,940,LUNCH
2024-01-14,939,DOING
2024-01-13,938,HEARD
2024-01-12,937,ROUTE
2024-01-11,936,BRIEF
2024-01-10,935,THREW
2024-01-09,934,LINER
2024-01-08,933,FINAL
2024-01-07,932,STONY
2024-01-06,931,CABLE
2024-01-05,930,LUNGE
2024-01-04,929,SCANT
2024-01-03,928,TWIRL
2024-01-02,927,AGING
2024-01-01,926,MURAL
2023-12-31,925,SALTY
2023-12-30,924,THREE
2023-12-29,923,CHILD
2023-12-28,922,LEARN
2023-12-27,921,DAISY
2023-12-26,920,PHONE
2023-12-25,919,EVOKE
2023-12-24,918,GRACE
2023-12-23,917,SLOPE
2023-12-22,916,TOUCH
2023-12-21,915,BUILT
2023-12-20,914,SMALL
2023-12-19,913,TABLE
2023-12-18,912,FUNNY
2023-12-17,911,BACON
2023-12-16,910,GLOBE
2023-12-15,909,TOPIC
2023-12-14,908,WOULD
2023-12-13,907,SPENT
2023-12-12,906,THESE
2023-12-11,905,HOUSE
2023-12-10,904,CHAIN
2023-12-09,903,SHIFT
2023-12-08,902,SHARP
2023-12-07,901,SLEEP
2023-12-06,900,WOMAN
2023-12-05,899,YOUNG
2023-12-04,898,WORST
2023-12-03,897,ADAPT
2023-12-02,896,GENRE
2023-12-01,895,TAKEN
2023-11-30,894,RESIN
2023-11-29,893,SUSHI
2023-11-28,892,SCOPE
2023-11-27,891,TAWNY
2023-11-26,890,SOLID
2023-11-25,889,GUIDE
2023-11-24,888,THROW
2023-11-23,887,QUEEN
2023-11-22,886,PIXEL
2023-11-21,885,PIANO
2023-11-20,884,CANDY
2023-11-19,883,QUEUE
2023-11-18,882,THINK
2023-11-17,881,TARDY
2023-11-16,880,TRUST
2023-11-15,879,SIGHT
2023-11-14,878,SASSY
2023-11-13,877,GREEN
2023-11-12,876,MEANT
2023-11-11,875,ACTOR
2023-11-10,874,LEASH
2023-11-09,873,GLAZE
2023-11-08,872,NINJA
2023-11-07,871,LIMIT
2023-11-06,870,TRADE
2023-11-05,869,FLARE
2023-11-04,868,MANIA
2023-11-03,867,ARDOR
2023-11-02,866,UNTIL
2023-11-01,865,NOISE
2023-10-31,864,BLEAK
2023-10-30,863,GRAIL
2023-10-29,862,PHONY
2023-10-28,861,MASON
2023-10-27,860,NOBLE
2023-10-26,859,PIQUE
2023-10-25,858,RETRY
2023-10-24,857,CAUSE
2023-10-23,856,TEMPO
2023-10-22,855,GIVEN
2023-10-21,854,SMIRK
2023-10-20,853,OCCUR
2023-10-19,852,SPLAT
2023-10-18,851,MERCY
2023-10-17,850,ADULT
2023-10-16,849,GRAPH
2023-10-15,848,LEAKY
2023-10-14,847,AGENT
2023-10-13,846,UNCLE
2023-10-12,845,KNELT
2023-10-11,844,SKUNK
2023-10-10,843,SNAIL
2023-10-09,842,TRUTH
2023-10-08,841,BINGE
2023-10-07,840,VIOLA
2023-10-06,839,CHIME
2023-10-05,838,BUNCH
2023-10-04,837,SPURT
2023-10-03,836,WHILE
2023-10-02,835,MERRY
2023-10-01,834,BERET
2023-09-30,833,DADDY
2023-09-29,832,AZURE
2023-09-28,831,COACH
2023-09-27,830,SMILE
2023-09-26,829,LOYAL
2023-09-25,828,ROCKY
2023-09-24,827,RIGHT
2023-09-23,826,CAROL
2023-09-22,825,BRUSH
2023-09-21,824,STONE
2023-09-20,823,SNARE
2023-09-19,822,CLOSE
2023-09-18,821,FRANK
2023-09-17,820,MUSIC
2023-09-16,819,ANGEL
2023-09-15,818,EXERT
2023-09-14,817,RAYON
2023-09-13,816,CLEAR
2023-09-12,815,WHISK
2023-09-11,814,OLDER
2023-09-10,813,QUOTE
2023-09-09,812,LUCKY
2023-09-08,811,ROUSE
2023-09-07,810,DWELL
2023-09-06,809,GNASH
2023-09-05,808,BIRCH
2023-09-04,807,GIDDY
2023-09-03,806,AWAIT
2023-09-02,805,ONION
2023-09-01,804,SPACE
2023-08-31,803,BRIDE
2023-08-30,802,AUDIO
2023-08-29,801,CAPER
2023-08-28,800,WRITE
2023-08-27,799,PEACE
2023-08-26,798,CHOIR
2023-08-25,797,OCEAN
2023-08-24,796,WORDY
2023-08-23,795,VERVE
2023-08-22,794,SPICE
2023-08-21,793,BEACH
2023-08-20,792,QUEST
2023-08-19,791,MAGMA
2023-08-18,790,EXACT
2023-08-17,789,AMISS
2023-08-16,788,SCRUB
2023-08-15,787,INDEX
2023-08-14,786,SNAKY
2023-08-13,785,WRATH
2023-08-12,784,QUICK
2023-08-11,783,HELLO
2023-08-10,782,EMPTY
2023-08-09,781,LOVER
2023-08-08,780,BULLY
2023-08-07,779,BROOK
2023-08-06,778,POLYP
2023-08-05,777,ANODE
2023-08-04,776,CHART
2023-08-03,775,PARTY
2023-08-02,774,BEGET
2023-08-01,773,TENTH
2023-07-31,772,STYLE
2023-07-30,771,BATHE
2023-07-29,770,CURLY
2023-07-28,769,ETHOS
2023-07-27,768,DISCO
2023-07-26,767,HEART
2023-07-25,766,WHEEL
2023-07-24,765,HOBBY
2023-07-23,764,WHALE
2023-07-22,763,FROZE
2023-07-21,762,BURLY
2023-07-20,761,FLANK
2023-07-19,760,TONIC
2023-07-18,759,FLYER
2023-07-17,758,DROOP
2023-07-16,757,TOPAZ
2023-07-15,756,CRONE
2023-07-14,755,FIEND
2023-07-13,754,BARGE
2023-07-12,753,WHIRL
2023-07-11,752,EARTH
2023-07-10,751,FOLLY
2023-07-09,750,ENTER
2023-07-08,749,COWER
2023-07-07,748,DONUT
2023-07-06,747,WINDY
2023-07-05,746,VENOM
2023-07-04,745,IRATE
2023-07-03,744,HOTEL
2023-07-02,743,MOSSY
2023-07-01,742,BLEEP
2023-06-30,741,STRAW
2023-06-29,740,DINER
2023-06-28,739,TRACT
2023-06-27,738,ABOUT
2023-06-26,737,GUEST
2023-06-25,736,RODEO
2023-06-24,735,GRAND
2023-06-23,734,COVET
2023-06-22,733,TASTE
2023-06-21,732,CRANE
2023-06-20,731,FROST
2023-06-19,730,KAZOO
2023-06-18,729,SHYLY
2023-06-17,728,RANCH
2023-06-16,727,STRAP
2023-06-15,726,MAYBE
2023-06-14,725,CRIME
2023-06-13,724,PLUNK
2023-06-12,723,WRONG
2023-06-11,722,GUARD
2023-06-10,721,AGAIN
2023-06-09,720,BALSA
2023-06-08,719,CRUMB
2023-06-07,718,HATER
2023-06-06,717,SCOUT
2023-06-05,716,ENNUI
2023-06-04,715,BEAST
2023-06-03,714,NANNY
2023-06-02,713,HUMID
2023-06-01,712,JAZZY
2023-05-31,711,AGILE
2023-05-30,710,KNEEL
2023-05-29,709,MOUSE
2023-05-28,708,SKIMP
2023-05-27,707,RAMEN
2023-05-26,706,SWINE
2023-05-25,705,BAGEL
2023-05-24,704,UTTER
2023-05-23,703,CLERK
2023-05-22,702,IGLOO
2023-05-21,701,BRASH
2023-05-20,700,FLASK
2023-05-19,699,GRIEF
2023-05-18,698,SHORN
2023-05-17,697,PLANK
2023-05-16,696,LATTE
2023-05-15,695,CANOE
2023-05-14,694,SCARF
2023-05-13,693,ACRID
2023-05-12,692,SNACK
2023-05-11,691,BROOM
2023-05-10,690,ETHIC
2023-05-09,689,COCOA
2023-05-08,688,AGLOW
2023-05-07,687,GHOUL
2023-05-06,686,ANGER
2023-05-05,685,BELOW
2023-05-04,684,GUPPY
2023-05-03,683,HORDE
2023-05-02,682,SULKY
2023-05-01,681,RANGE
2023-04-30,680,PLAZA
2023-04-29,679,CEDAR
2023-04-28,678,CIRCA
2023-04-27,677,LOGIC
2023-04-26,676,METRO
2023-04-25,675,JOKER
2023-04-24,674,DITTO
2023-04-23,673,UNZIP
2023-04-22,672,BROKE
2023-04-21,671,KAYAK
2023-04-20,670,PLATE
2023-04-19,669,THUMP
2023-04-18,668,HOUND
2023-04-17,667,WHIFF
2023-04-16,666,DWELT
2023-04-15,665,AGONY
2023-04-14,664,THIEF
2023-04-13,663,CARAT
2023-04-12,662,BORAX
2023-04-11,661,QUALM
2023-04-10,660,UNDER
2023-04-09,659,SNAFU
2023-04-08,658,LEDGE
2023-04-07,657,LOCUS
2023-04-06,656,LEAFY
2023-04-05,655,SMASH
2023-04-04,654,RATIO
2023-04-03,653,FLORA
2023-04-02,652,STOCK
2023-04-01,651,MARCH
2023-03-31,650,EVERY
2023-03-30,649,BREAD
2023-03-29,648,BESET
2023-03-28,647,HURRY
2023-03-27,646,GUANO
2023-03-26,645,UNTIE
2023-03-25,644,VOTER
2023-03-24,643,GROUT
2023-03-23,642,STAID
2023-03-22,641,DUVET
2023-03-21,640,TOUGH
2023-03-20,639,GLOVE
2023-03-19,638,CREDO
2023-03-18,637,YACHT
2023-03-17,636,MEALY
2023-03-16,635,CIDER
2023-03-15,634,SWEEP
2023-03-14,633,SURLY
2023-03-13,632,BLAME
2023-03-12,631,BIRTH
2023-03-11,630,EMAIL
2023-03-10,629,REVEL
2023-03-09,628,WHERE
2023-03-08,627,REGAL
2023-03-07,626,HORSE
2023-03-06,625,PINKY
2023-03-05,624,TOXIC
2023-03-04,623,TREND
2023-03-03,622,SQUAT
2023-03-02,621,ABOVE
2023-03-01,620,MOOSE
2023-02-28,619,POLKA
2023-02-27,618,WORSE
2023-02-26,617,SYRUP
2023-02-25,616,FIFTY
2023-02-24,615,ARBOR
2023-02-23,614,VAGUE
2023-02-22,613,RIPER
2023-02-21,612,RUDDY
2023-02-20,611,SWEAT
2023-02-19,610,KIOSK
2023-02-18,609,AVAIL
2023-02-17,608,CACHE
2023-02-16,607,MAGIC
2023-02-15,606,SALSA
2023-02-14,605,SOUND
2023-02-13,604,USAGE
2023-02-12,603,GIANT
2023-02-11,602,DEBUG
2023-02-10,601,HEADY
2023-02-09,600,STAGE
2023-02-08,599,FLAIL
2023-02-07,598,APPLE
2023-02-06,597,NINTH
2023-02-05,596,DANCE
2023-02-04,595,UNLIT
2023-02-03,594,TASTY
2023-02-02,593,SHIRK
2023-02-01,592,SCOLD
2023-01-31,591,CROSS
2023-01-30,590,CRAVE
2023-01-29,589,FISHY
2023-01-28,588,FLIRT
2023-01-27,587,WORRY
2023-01-26,586,BEEFY
2023-01-25,585,MAIZE
2023-01-24,584,COUNT
2023-01-23,583,ELUDE
2023-01-22,582,MATEY
2023-01-21,581,BLURB
2023-01-20,580,ALTER
2023-01-19,579,MUCKY
2023-01-18,578,CHARD
2023-01-17,577,ADOPT
2023-01-16,576,FROCK
2023-01-15,575,SPIRE
2023-01-14,574,KOALA
2023-01-13,573,HUMAN
2023-01-12,572,LEAPT
2023-01-11,571,SEDAN
2023-01-10,570,GRIMY
2023-01-09,569,PIXIE
2023-01-08,568,OPERA
2023-01-07,567,LEMON
2023-01-06,566,BELIE
2023-01-05,565,SLEEK
2023-01-04,564,LAYER
2023-01-03,563,ANTIC
2023-01-02,562,SKIRT
2023-01-01,561,WHINE
2022-12-31,560,MANLY
2022-12-30,559,MOLAR
2022-12-29,558,HAVOC
2022-12-28,557,IMPEL
2022-12-27,556,CONDO
2022-12-26,555,JUDGE
2022-12-25,554,EXTRA
2022-12-24,553,POISE
2022-12-23,552,AORTA
2022-12-22,551,EXCEL
2022-12-21,550,LUNAR
2022-12-20,549,THIRD
2022-12-19,548,SLATE
2022-12-18,547,TAPER
2022-12-17,546,CHORD
2022-12-16,545,PROBE
2022-12-15,544,RIVAL
2022-12-14,543,USUAL
2022-12-13,542,SPOKE
2022-12-12,541,APPLY
2022-12-11,540,NAIVE
2022-12-10,539,KNOCK
2022-12-09,538,BRAID
2022-12-08,537,INFER
2022-12-07,536,JOUST
2022-12-06,535,AMBER
2022-12-05,534,WOKEN
2022-12-04,533,ADORE
2022-12-03,532,TORSO
2022-12-02,531,CHAFE
2022-12-01,530,EJECT
2022-11-30,529,STUDY
2022-11-29,528,UNDUE
2022-11-28,527,TEPID
2022-11-27,526,HAPPY
2022-11-26,525,CLEAN
2022-11-25,524,ITCHY
2022-11-24,523,FEAST
2022-11-23,522,DRIVE
2022-11-22,521,PRIME
2022-11-21,520,AXIOM
2022-11-20,519,BRAVE
2022-11-19,518,AVERT
2022-11-18,517,GLYPH
2022-11-17,516,THERE
2022-11-16,515,BAKER
2022-11-15,514,SNARL
2022-11-14,513,MAPLE
2022-11-13,512,INANE
2022-11-12,511,VALET
2022-11-11,510,MEDAL
2022-11-10,509,UNITE
2022-11-09,508,RAINY
2022-11-08,507,SPELL
2022-11-07,506,BEGIN
2022-11-06,505,STALE
2022-11-05,504,DREAM
2022-11-04,503,PHOTO
2022-11-03,502,ALOUD
2022-11-02,501,INEPT
2022-11-01,500,PINEY
2022-10-31,499,APTLY
2022-10-30,498,WALTZ
2022-10-29,497,LIBEL
2022-10-28,496,SNEAK
2022-10-27,495,CARRY
2022-10-26,494,FLOUT
2022-10-25,493,FOGGY
2022-10-24,492,FAULT
2022-10-23,491,MUMMY
2022-10-22,490,SPIEL
2022-10-21,489,GROVE
2022-10-20,488,DENIM
2022-10-19,487,QUIRK
2022-10-18,486,EXIST
2022-10-17,485,STEIN
2022-10-16,484,SPADE
2022-10-15,483,CATCH
2022-10-14,482,FLOOR
2022-10-13,481,EQUAL
2022-10-12,480,IONIC
2022-10-11,479,VALID
2022-10-10,478,ENJOY
2022-10-09,477,HOWDY
2022-10-08,476,VIGOR
2022-10-07,475,DANDY
2022-10-06,474,SLOTH
2022-10-05,473,MARSH
2022-10-04,472,BOUGH
2022-10-03,471,STING
2022-10-02,470,TWINE
2022-10-01,469,LEAVE
2022-09-30,468,SCORN
2022-09-29,467,SCALD
2022-09-28,466,USURP
2022-09-27,465,SOGGY
2022-09-26,464,BRISK
2022-09-25,463,ADMIT
2022-09-24,462,GRATE
2022-09-23,461,GLORY
2022-09-22,460,SAINT
2022-09-21,459,RECAP
2022-09-20,458,ALIKE
2022-09-19,457,TRICE
2022-09-18,456,STICK
2022-09-17,455,CHUTE
2022-09-16,454,PARER
2022-09-15,453,DOUBT
2022-09-14,452,THYME
2022-09-13,451,ALPHA
2022-09-12,450,BOOZE
2022-09-11,449,TIBIA
2022-09-10,448,LOFTY
2022-09-09,447,THEME
2022-09-08,446,CLASS
2022-09-07,445,LEERY
2022-09-06,444,TAUNT
2022-09-05,443,WHOOP
2022-09-04,442,INTER
2022-09-03,441,GULLY
2022-09-02,440,CHARM
2022-09-01,439,FUNGI
2022-08-31,438,PRIZE
2022-08-30,437,ONSET
2022-08-29,436,CHIEF
2022-08-28,435,GAUZE
2022-08-27,434,RUDER
2022-08-26,433,IRONY
2022-08-25,432,CLOWN
2022-08-24,431,NEEDY
2022-08-23,430,WOVEN
2022-08-22,429,MERIT
2022-08-21,428,WASTE
2022-08-20,427,TREAT
2022-08-19,426,SHRUG
2022-08-18,425,TWANG
2022-08-17,424,TWICE
2022-08-16,423,GRUEL
2022-08-15,422,POKER
2022-08-14,421,KHAKI
2022-08-13,420,HUNKY
2022-08-12,419,LABEL
2022-08-11,418,GLEAN
2022-08-10,417,CLING
2022-08-09,416,PATTY
2022-08-08,415,UNFIT
2022-08-07,414,SMEAR
2022-08-06,413,ALIEN
2022-08-05,412,BUGGY
2022-08-04,411,RHYME
2022-08-03,410,YOUTH
2022-08-02,409,COYLY
2022-08-01,408,QUART
2022-07-31,407,CRAMP
2022-07-30,406,BLUFF
2022-07-29,405,UPSET
2022-07-28,404,STOMP
2022-07-27,403,MOTTO
2022-07-26,402,CINCH
2022-07-25,401,ELOPE
2022-07-24,400,POWER
2022-07-23,399,MIDGE
2022-07-22,398,TRYST
2022-07-21,397,APHID
2022-07-20,396,TRITE
2022-07-19,395,ANGRY
2022-07-18,394,FLOCK
2022-07-17,393,WACKY
2022-07-16,392,ROOMY
2022-07-15,391,WEDGE
2022-07-14,390,LIVER
2022-07-13,389,BLAND
2022-07-12,388,NIGHT
2022-07-11,387,MADAM
2022-07-10,386,BERTH
2022-07-09,385,STEAD
2022-07-08,384,VOICE
2022-07-07,383,AGAPE
2022-07-06,382,FLUFF
2022-07-05,381,FIELD
2022-07-04,380,SEVER
2022-07-03,379,LILAC
2022-07-02,378,EGRET
2022-07-01,377,PINTO
2022-06-30,376,HUTCH
2022-06-29,375,GAWKY
2022-06-28,374,DROLL
2022-06-27,373,RETRO
2022-06-26,372,RUSTY
2022-06-25,371,BEADY
2022-06-24,370,SMITE
2022-06-23,369,BRINK
2022-06-22,368,AWFUL
2022-06-21,367,GLOAT
2022-06-20,366,INPUT
2022-06-19,365,LOSER
2022-06-18,364,CACAO
2022-06-17,363,BLOWN
2022-06-16,362,APRON
2022-06-15,361,PRIMO
2022-06-14,360,ATONE
2022-06-13,359,DONOR
2022-06-12,358,FLOAT
2022-06-11,357,GOOSE
2022-06-10,356,PIETY
2022-06-09,355,GIRTH
2022-06-08,354,TRAIT
2022-06-07,353,FLOOD
2022-06-06,352,GLOOM
2022-06-05,351,DEPTH
2022-06-04,350,FROTH
2022-06-03,349,PHASE
2022-06-02,348,SHOWY
2022-06-01,347,CREAK
2022-05-31,346,MANOR
2022-05-30,345,ATOLL
2022-05-29,344,BAYOU
2022-05-28,343,CREPT
2022-05-27,342,TIARA
2022-05-26,341,ASSET
2022-05-25,340,VOUCH
2022-05-24,339,ALBUM
2022-05-23,338,HINGE
2022-05-22,337,MONEY
2022-05-21,336,SCRAP
2022-05-20,335,GAMER
2022-05-19,334,GLASS
2022-05-18,333,SCOUR
2022-05-17,332,BEING
2022-05-16,331,DELVE
2022-05-15,330,YIELD
2022-05-14,329,METAL
2022-05-13,328,TIPSY
2022-05-12,327,SLUNG
2022-05-11,326,FARCE
2022-05-10,325,GECKO
2022-05-09,324,SHINE
2022-05-08,323,CANNY
2022-05-07,322,MIDST
2022-05-06,321,BADGE
2022-05-05,320,HOMER
2022-05-04,319,TRAIN
2022-05-03,318,HAIRY
2022-05-02,317,STORY
2022-05-01,316,FORGO
2022-04-30,315,LARVA
2022-04-29,314,TRASH
2022-04-28,313,ZESTY
2022-04-27,312,SHOWN
2022-04-26,311,HEIST
2022-04-25,310,ASKEW
2022-04-24,309,INERT
2022-04-23,308,OLIVE
2022-04-22,307,PLANT
2022-04-21,306,OXIDE
2022-04-20,305,CARGO
2022-04-19,304,FOYER
2022-04-18,303,FLAIR
2022-04-17,302,AMPLE
2022-04-16,301,CHEEK
2022-04-15,300,SHAME
2022-04-14,299,MINCE
2022-04-13,298,CHUNK
2022-04-12,297,ROYAL
2022-04-11,296,SQUAD
2022-04-10,295,BLACK
2022-04-09,294,STAIR
2022-04-08,293,SCARE
2022-04-07,292,FORAY
2022-04-06,291,COMMA
2022-04-05,290,NATAL
2022-04-04,289,SHAWL
2022-04-03,288,FEWER
2022-04-02,287,TROPE
2022-04-01,286,SNOUT
2022-03-31,285,LOWLY
2022-03-30,284,STOVE
2022-03-29,283,SHALL
2022-03-28,282,FOUND
2022-03-27,281,NYMPH
2022-03-26,280,EPOXY
2022-03-25,279,DEPOT
2022-03-24,278,CHEST
2022-03-23,277,PURGE
2022-03-22,276,SLOSH
2022-03-21,275,THEIR
2022-03-20,274,RENEW
2022-03-19,273,ALLOW
2022-03-18,272,SAUTE
2022-03-17,271,MOVIE
2022-03-16,270,CATER
2022-03-15,269,TEASE
2022-03-14,268,SMELT
2022-03-13,267,FOCUS
2022-03-12,266,TODAY
2022-03-11,265,WATCH
2022-03-10,264,LAPSE
2022-03-09,263,MONTH
2022-03-08,262,SWEET
2022-03-07,261,HOARD
2022-03-06,260,CLOTH
2022-03-05,259,BRINE
2022-03-04,258,AHEAD
2022-03-03,257,MOURN
2022-03-02,256,NASTY
2022-03-01,255,RUPEE
2022-02-28,254,CHOKE
2022-02-27,253,CHANT
2022-02-26,252,SPILL
2022-02-25,251,VIVID
2022-02-24,250,BLOKE
2022-02-23,249,TROVE
2022-02-22,248,THORN
2022-02-21,247,OTHER
2022-02-20,246,TACIT
2022-02-19,245,SWILL
2022-02-18,244,DODGE
2022-02-17,243,SHAKE
2022-02-16,242,CAULK
2022-02-15,241,AROMA
2022-02-14,240,CYNIC
2022-02-13,239,ROBIN
2022-02-12,238,ULTRA
2022-02-11,237,ULCER
2022-02-10,236,PAUSE
2022-02-09,235,HUMOR
2022-02-08,234,FRAME
2022-02-07,233,ELDER
2022-02-06,232,SKILL
2022-02-05,231,ALOFT
2022-02-04,230,PLEAT
2022-02-03,229,SHARD
2022-02-02,228,MOIST
2022-02-01,227,THOSE
2022-01-31,226,LIGHT
2022-01-30,225,WRUNG
2022-01-29,224,COULD
2022-01-28,223,PERKY
2022-01-27,222,MOUNT
2022-01-26,221,WHACK
2022-01-25,220,SUGAR
2022-01-24,219,KNOLL
2022-01-23,218,CRIMP
2022-01-22,217,WINCE
2022-01-21,216,PRICK
2022-01-20,215,ROBOT
2022-01-19,214,POINT
2022-01-18,213,PROXY
2022-01-17,212,SHIRE
2022-01-16,211,SOLAR
2022-01-15,210,PANIC
2022-01-14,209,TANGY
2022-01-13,208,ABBEY
2022-01-12,207,FAVOR
2022-01-11,206,DRINK
2022-01-10,205,QUERY
2022-01-09,204,GORGE
2022-01-08,203,CRANK
2022-01-07,202,SLUMP
2022-01-06,201,BANAL
2022-01-05,200,TIGER
2022-01-04,199,SIEGE
2022-01-03,198,TRUSS
2022-01-02,197,BOOST
2022-01-01,196,REBUS
2021-12-31,195,UNIFY
2021-12-30,194,TROLL
2021-12-29,193,TAPIR
2021-12-28,192,ASIDE
2021-12-27,191,FERRY
2021-12-26,190,ACUTE
2021-12-25,189,PICKY
2021-12-24,188,WEARY
2021-12-23,187,GRIPE
2021-12-22,186,CRAZE
2021-12-21,185,PLUCK
2021-12-20,184,BRAKE
2021-12-19,183,BATON
2021-12-18,182,CHAMP
2021-12-17,181,PEACH
2021-12-16,180,USING
2021-12-15,179,TRACE
2021-12-14,178,VITAL
2021-12-13,177,SONIC
2021-12-12,176,MASSE
2021-12-11,175,CONIC
2021-12-10,174,VIRAL
2021-12-09,173,RHINO
2021-12-08,172,BREAK
2021-12-07,171,TRIAD
2021-12-06,170,EPOCH
2021-12-05,169,USHER
2021-12-04,168,EXULT
2021-12-03,167,GRIME
2021-12-02,166,CHEAT
2021-12-01,165,SOLVE
2021-11-30,164,BRING
2021-11-29,163,PROVE
2021-11-28,162,STORE
2021-11-27,161,TILDE
2021-11-26,160,CLOCK
2021-11-25,159,WROTE
2021-11-24,158,RETCH
2021-11-23,157,PERCH
2021-11-22,156,ROUGE
2021-11-21,155,RADIO
2021-11-20,154,SURER
2021-11-19,153,FINER
2021-11-18,152,VODKA
2021-11-17,151,HERON
2021-11-16,150,CHILL
2021-11-15,149,GAUDY
2021-11-14,148,PITHY
2021-11-13,147,SMART
2021-11-12,146,BADLY
2021-11-11,145,ROGUE
2021-11-10,144,GROUP
2021-11-09,143,FIXER
2021-11-08,142,GROIN
2021-11-07,141,DUCHY
2021-11-06,140,COAST
2021-11-05,139,BLURT
2021-11-04,138,PULPY
2021-11-03,137,ALTAR
2021-11-02,136,GREAT
2021-11-01,135,BRIAR
2021-10-31,134,CLICK
2021-10-30,133,GOUGE
2021-10-29,132,WORLD
2021-10-28,131,ERODE
2021-10-27,130,BOOZY
2021-10-26,129,DOZEN
2021-10-25,128,FLING
2021-10-24,127,GROWL
2021-10-23,126,ABYSS
2021-10-22,125,STEED
2021-10-21,124,ENEMA
2021-10-20,123,JAUNT
2021-10-19,122,COMET
2021-10-18,121,TWEED
2021-10-17,120,PILOT
2021-10-16,119,DUTCH
2021-10-15,118,BELCH
2021-10-14,117,OUGHT
2021-10-13,116,DOWRY
2021-10-12,115,THUMB
2021-10-11,114,HYPER
2021-10-10,113,HATCH
2021-10-09,112,ALONE
2021-10-08,111,MOTOR
2021-10-07,110,ABACK
2021-10-06,109,GUILD
2021-10-05,108,KEBAB
2021-10-04,107,SPEND
2021-10-03,106,FJORD
2021-10-02,105,ESSAY
2021-10-01,104,SPRAY
2021-09-30,103,SPICY
2021-09-29,102,AGATE
2021-09-28,101,SALAD
2021-09-27,100,BASIC
2021-09-26,99,MOULT
2021-09-25,98,CORNY
2021-09-24,97,FORGE
2021-09-23,96,CIVIC
2021-09-22,95,ISLET
2021-09-21,94,LABOR
2021-09-20,93,GAMMA
2021-09-19,92,LYING
2021-09-18,91,AUDIT
2021-09-17,90,ROUND
2021-09-16,89,LOOPY
2021-09-15,88,LUSTY
2021-09-14,87,GOLEM
2021-09-13,86,GONER
2021-09-12,85,GREET
2021-09-11,84,START
2021-09-10,83,LAPEL
2021-09-09,82,BIOME
2021-09-08,81,PARRY
2021-09-07,80,SHRUB
2021-09-06,79,FRONT
2021-09-05,78,WOOER
2021-09-04,77,TOTEM
2021-09-03,76,FLICK
2021-09-02,75,DELTA
2021-09-01,74,BLEED
2021-08-31,73,ARGUE
2021-08-30,72,SWIRL
2021-08-29,71,ERROR
2021-08-28,70,AGREE
2021-08-27,69,OFFAL
2021-08-26,68,FLUME
2021-08-25,67,CRASS
2021-08-24,66,PANEL
2021-08-23,65,STOUT
2021-08-22,64,BRIBE
2021-08-21,63,DRAIN
2021-08-20,62,YEARN
2021-08-19,61,PRINT
2021-08-18,60,SEEDY
2021-08-17,59,IVORY
2021-08-16,58,BELLY
2021-08-15,57,STAND
2021-08-14,56,FIRST
2021-08-13,55,FORTH
2021-08-12,54,BOOBY
2021-08-11,53,FLESH
2021-08-10,52,UNMET
2021-08-09,51,LINEN
2021-08-08,50,MAXIM
2021-08-07,49,POUND
2021-08-06,48,MIMIC
2021-08-05,47,SPIKE
2021-08-04,46,CLUCK
2021-08-03,45,CRATE
2021-08-02,44,DIGIT
2021-08-01,43,REPAY
2021-07-31,42,SOWER
2021-07-30,41,CRAZY
2021-07-29,40,ADOBE
2021-07-28,39,OUTDO
2021-07-27,38,TRAWL
2021-07-26,37,WHELP
2021-07-25,36,UNFED
2021-07-24,35,PAPER
2021-07-23,34,STAFF
2021-07-22,33,CROAK
2021-07-21,32,HELIX
2021-07-20,31,FLOSS
2021-07-19,30,PRIDE
2021-07-18,29,BATTY
2021-07-17,28,REACT
2021-07-16,27,MARRY
2021-07-15,26,ABASE
2021-07-14,25,COLON
2021-07-13,24,STOOL
2021-07-12,23,CRUST
2021-07-11,22,FRESH
2021-07-10,21,DEATH
2021-07-09,20,MAJOR
2021-07-08,19,FEIGN
2021-07-07,18,ABATE
2021-07-06,17,BENCH
2021-07-05,16,QUIET
2021-07-04,15,GRADE
2021-07-03,14,STINK
2021-07-02,13,KARMA
2021-07-01,12,MODEL
2021-06-30,11,DWARF
2021-06-29,10,HEATH
2021-06-28,9,SERVE
2021-06-27,8,NAVAL
2021-06-26,7,EVADE
2021-06-25,6,FOCAL
2021-06-24,5,BLUSH
2021-06-23,4,AWAKE
2021-06-22,3,HUMPH
2021-06-21,2,SISSY
2021-06-20,1,REBUT
2021-06-19,0,CIGAR
